AU01_r_mean,AU01_r_std,AU01_r_max,AU02_r_mean,AU02_r_std,AU02_r_max,AU04_r_mean,AU04_r_std,AU04_r_max,AU05_r_mean,AU05_r_std,AU05_r_max,AU06_r_mean,AU06_r_std,AU06_r_max,AU09_r_mean,AU09_r_std,AU09_r_max,AU10_r_mean,AU10_r_std,AU10_r_max,AU12_r_mean,AU12_r_std,AU12_r_max,AU14_r_mean,AU14_r_std,AU14_r_max,AU15_r_mean,AU15_r_std,AU15_r_max,AU17_r_mean,AU17_r_std,AU17_r_max,AU20_r_mean,AU20_r_std,AU20_r_max,AU25_r_mean,AU25_r_std,AU25_r_max,AU26_r_mean,AU26_r_std,AU26_r_max,AU04_c_mean,AU04_c_std,AU04_c_max,AU12_c_mean,AU12_c_std,AU12_c_max,AU15_c_mean,AU15_c_std,AU15_c_max,AU23_c_mean,AU23_c_std,AU23_c_max,AU28_c_mean,AU28_c_std,AU28_c_max,AU45_c_mean,AU45_c_std,AU45_c_max,Tx_mean,Tx_std,Ty_mean,Ty_std,Tz_mean,Tz_std,Rx_mean,Rx_std,Ry_mean,Ry_std,Rz_mean,Rz_std,confidence_mean,confidence_std,total_frames,session_id
0.595489426713948,0.7502891777817459,5.0,0.37012421209785185,0.5022540061695807,3.80717,0.413016494398191,0.5791264734995152,5.0,0.10016792445266728,0.2345599946710213,1.40099,0.0923646016034536,0.277007028854842,2.60421,0.2692075128481859,0.41345508401016373,3.90112,0.18643943652996198,0.36983492118849637,2.85867,0.14652682233528624,0.3757800703065053,3.2618,0.19751384242984887,0.37308211510758366,3.50853,0.07198433153458732,0.2135020834630476,2.06132,0.058667226898961866,0.2042888846803038,2.19828,0.16980656876349062,0.3298902173881815,3.21196,1.1785802924761026,1.3029228822294256,5.0,0.02996557549593997,0.13801719435401869,1.51027,-2.2198067632850242,15.506767189589182,1,-2.4167437557816838,15.47093165629121,1,-2.2867715078630897,15.494872155420294,1,-1.7623085620310412,15.580091611343116,1,-2.3832870798643233,15.477202138593205,1,-2.204440333024977,15.509454673543848,1,15.597461325293349,16.7648762481919,52.73393100307843,23.283835341356117,540.4491002672423,25.44603494577094,0.20771491756372698,0.10375902057389644,0.05271288312345565,0.08657509755197822,-0.14396256514645955,0.08059962781541384,0.9602797990780142,0.07071815291107472,19458,300
0.13259438837425672,0.3660972676488451,5.0,0.06735483224788641,0.2238411919825121,2.16409,0.09583429792484123,0.23648609446033714,3.39569,0.029404565834715426,0.1615877217657595,1.91743,0.01863047850006068,0.11546708834867864,1.41219,0.08655279337405447,0.22178898188470808,2.03065,0.03926264774887747,0.16797070893789431,1.63226,0.04907692556935399,0.20026266434085396,2.06286,0.10778485000606772,0.31770839531297584,2.76087,0.012307463249868532,0.08439846590911239,1.22313,0.0198868424416488,0.13544303213432615,1.7037,0.08869211103919744,0.28993934776058283,3.17677,0.5712136212531855,0.695901415100318,3.34309,0.0013668396504995751,0.027580388199369643,0.693818,-1.172484931839327,12.58696371297531,1,-1.5422110756037377,12.532285494776977,1,-1.5801140730552972,12.52604985309662,1,-1.3624853363537073,12.56025408026117,1,-1.5937057562396344,12.523785106372657,1,-1.211803729622588,12.581676516557785,1,28.527286269527934,11.454280837142038,23.17044908256138,10.298572205176594,654.1011177136847,34.28135551472904,0.23739720189207555,0.07353863236755248,-0.0700814993432345,0.09130896026402176,-0.04006975221498402,0.07850763284278152,0.9827838412038349,0.07823728977748037,24721,301
0.8485888521540049,1.1168900582197874,5.0,0.6852460889655618,0.7528526490949558,3.51706,1.077048102831162,1.0778833067469737,4.25995,0.28081790622984654,0.43462657624858886,2.25057,0.12503220330839676,0.2769599577228492,1.82318,0.6223883900425642,0.7311667403491225,3.96759,0.14277928085902233,0.29388737120974046,2.28265,0.17676420224429254,0.37226741497377747,2.33853,0.27359224081000905,0.4428286176660374,4.47407,0.08561659780085129,0.22686665453602062,1.6432,0.16241952005675223,0.30458590737235197,2.26792,0.3184726080549465,0.5071252981373141,5.0,0.9940729442151426,1.1199968063390608,5.0,0.06862797910486265,0.2582125092021207,1.99229,-8.20927382948536,28.16628107619529,1,-7.7535792596414295,28.30317153549287,1,-8.450116084096479,28.090676838275087,1,-7.97478395459822,28.237723122809367,1,-8.552915000644912,28.057715043526564,1,-8.207306848961693,28.166889229074048,1,32.66696670146685,52.736574731574805,18.625199528383657,33.01093294343683,480.6535417161098,170.62513608789158,0.38258747402331356,0.23544056177191675,-0.003364372172717785,0.19546631984480825,0.03826014477474075,0.1608890129718651,0.9314653674380885,0.1305199535199519,31012,302
0.6423683334348047,0.7520614194327326,5.0,0.28629069876543206,0.43152335426994715,3.27861,0.7475082874344664,0.7691064658887334,4.43704,0.2571843212920683,0.3952962600778519,2.26238,0.1901328298325723,0.364584889127296,2.32403,0.3691811747336377,0.4981362684480728,2.85997,0.30294384512092004,0.43224638270116894,2.75541,0.37016848648740064,0.5313046275080795,2.80757,0.6258160063588701,0.7017803398659577,4.0821,0.17340017588364623,0.3228306586591341,2.26148,0.5209257127346525,0.5804579542687527,2.92987,0.5082106230678166,0.6126739485029146,3.4041,1.2930119941146627,1.2877858672290943,5.0,0.06303711408760358,0.19967355872953965,1.57917,-1.1796042617960427,12.891660459209435,1,-0.8600372061559276,12.929281168191416,1,-1.3358701166920346,12.870335745610937,1,-1.2338576018941316,12.884475597557175,1,-1.2622695755115847,12.880620178820028,1,-1.2990021985455775,12.875541033782827,1,17.69258107497023,28.03076867722588,74.26400076252324,15.03936283538287,750.2272961576188,53.40668864893117,0.012313863242609167,0.1106033051726357,0.021573091858726197,0.12249314013314659,-0.025687545958617622,0.12089481816081277,0.9600823917875866,0.0702202656257139,29565,303
0.6764019328847771,0.8167920261110323,4.42097,0.39702644373423046,0.5191205054515887,4.01721,0.37218133490328004,0.6225657429943782,5.0,0.34452522203532376,0.5170236939880729,3.16872,0.16689636930193438,0.3736547360301005,2.68084,0.42042380487804887,0.5543021269309373,3.10731,0.25494818116063916,0.4306311703534652,2.79431,0.2900253811606392,0.5002005715974727,3.09869,0.42691557132043734,0.5619245045435682,3.36203,0.3030109096299411,0.4377053885743049,2.25801,0.1641151414213625,0.3301478769888046,2.89315,0.5381771044575274,0.7081767102287635,3.73875,1.3426082177880572,1.3962791307211266,5.0,0.0513917689234651,0.1732915603671628,1.1685,-10.142430613961311,30.87219897379699,1,-10.342052144659378,30.80265773896491,1,-10.372750210260723,30.791834848273705,1,-9.86215306980656,30.967402703241603,1,-10.51543313708999,30.741078249194036,1,-10.197098402018502,30.853298617307814,1,103.4270701471825,17.61913511197914,49.78029153702692,24.548290508736613,635.3312335155593,58.6812824511061,0.054250054754003366,0.14008739489218372,0.029897411393847346,0.14107921896246717,-0.06198811755488226,0.11210778414926804,0.8092136879188393,0.10917389345358565,23780,304
0.6230116563123508,0.7657933682928062,4.49409,0.3250660425452839,0.5231646146423722,4.1695,0.5411042546457494,0.7646482011058683,5.0,0.23600398699190175,0.3959569610481444,2.41169,0.1267123899495325,0.30442402668241186,2.8778,0.34800523396971944,0.47175035706381274,2.84274,0.18122759311059813,0.37224071341720655,3.16266,0.13401680501545324,0.3094485053793602,3.28303,0.3595491792770236,0.5513020634446083,3.79546,0.12431099196040844,0.2690891979564776,1.55357,0.1172006673643441,0.29295744117762135,2.32703,0.21641787633504164,0.4169554735663128,3.89051,1.288389013751418,1.3625407274441956,5.0,0.06782727901881773,0.21003013068820522,1.63367,-2.234028402644654,15.66740497249707,1,-2.4686045146903486,15.624655226490491,1,-2.3311098939791086,15.650153228592183,1,-2.39487891710027,15.638482925874028,1,-2.4926254841359885,15.620072138820179,1,-2.1303743984977115,15.685140460939333,1,35.904801910955555,17.032579160321998,-6.736627160420758,32.97625588620888,697.0317840851297,32.62224661314038,0.062481749486958844,0.11593306412550852,0.10052550682385294,0.13357987691832654,-0.025949480657439263,0.073741993836131,0.9544743593932162,0.06004347211974661,51122,305
0.4634866946472965,0.7009143168158146,5.0,0.25277068874300807,0.5137089546679086,3.83546,0.3192229128729024,0.43456540407146727,3.43476,0.30402549444530763,0.4885448004491321,3.29923,0.3298017745494097,0.47123124101547686,2.16462,0.28624561730888753,0.41588389792932984,2.49325,0.3620873057799876,0.4815297532925687,2.43453,0.4844800798244251,0.6094323934919965,3.06291,0.5354622385021753,0.6237128667311621,3.88937,0.22313175306867614,0.3612385563927644,1.82679,0.21973232481354876,0.374700971818905,2.10587,0.2545421023927905,0.4129671251058041,3.84488,0.5638195865055936,0.6639625681185966,5.0,0.04800206840428838,0.17153598707412918,1.31377,-1.3840118085767557,13.558996703728347,1,-1.4123679303915475,13.55502625684067,1,-1.6721566190180237,13.51582710483522,1,-1.3229878806712243,13.567336366470853,1,-1.0039620882535736,13.606397030848846,1,-1.5442821628340584,13.535759235764433,1,12.592652674688082,42.394534550077225,114.89401352548165,28.42301806805058,671.3122051740212,32.860805024497346,0.037558088662142906,0.08959407648801195,-0.09276652839547933,0.12177331268895686,-0.07347299514862493,0.14090037776726042,0.985115283524705,0.059580693764066495,25744,306
0.5617512572981408,0.8499352201296311,5.0,0.45728566591331016,0.6711860874770638,3.78339,0.45020903484273683,0.583242682881311,5.0,0.27916689434175485,0.42999916135155986,4.0197,0.38408119156778864,0.46151946675287436,1.75302,0.46987223596200933,0.6225863541379438,3.74477,0.46703602682487144,0.5360903503183886,2.06411,0.4748375174213684,0.5440788061313776,2.64598,0.5107127251325101,0.589761994134258,3.74063,0.1384985627841903,0.2943374760416329,2.32236,0.24244507689617129,0.41212399826005014,2.65105,0.20711412661769849,0.3799317919720367,3.61185,1.238514063389566,1.2825286540161118,5.0,0.09013024599779375,0.23735285543310763,1.94164,-10.988807275271073,31.727436640898873,1,-10.40829230231119,31.931683909399336,1,-10.992843113514677,31.72597489570881,1,-11.027497511233083,31.713399464246177,1,-11.196491511286894,31.651459447822088,1,-10.847391503215217,31.778290095197733,1,-7.765764258323782,29.82108704000852,72.70055777716792,18.015904312280846,712.795216581914,36.65470733794729,0.09038459304657036,0.18090552941273227,-0.017440417869556597,0.19747827558004782,-0.02713493261076654,0.20672650238558588,0.954904500019103,0.08312521455030202,37167,307
0.46560231593100543,0.7147341169351132,5.0,0.24607354085513428,0.44477864310993964,3.73781,0.3472878218662364,0.5629793955330368,3.81944,0.24796131604625254,0.46558114196280775,3.02003,0.1439493098613192,0.3662933015339533,2.72288,0.23987202923437442,0.40101701765280623,2.42604,0.24022335154239174,0.45616998958833027,2.77717,0.22745429829818292,0.460126763875655,3.30617,0.3424315541085629,0.5654079518730579,4.60572,0.11286430336905998,0.2526762271242859,1.82377,0.21915312730974607,0.37792465699772054,1.92827,0.3668390652683339,0.5083069508701277,5.0,0.7893278633936461,0.9935565204114302,5.0,0.145010522185087,0.3146122428434204,2.15829,-11.886942491644577,32.921054985847746,1,-12.109215934846913,32.83655989496439,1,-12.063770120241252,32.853975658091464,1,-11.708923975260266,32.987490799534136,1,-11.860973454727056,32.93081483373907,1,-11.768929353463179,32.96521939826056,1,-14824.99203042572,488442.7744732163,-11083.813527876819,366333.9016965586,23886.340493795855,763167.4255617118,0.21246202218547885,0.17288783698147106,0.027100570879031543,0.15294990467041214,-0.12467791333113172,0.20493005161148153,0.9458149163324497,0.1561666581751475,26031,308
0.5173649397410126,0.7750292351048993,5.0,0.25754386372773597,0.4764747859922995,4.25847,0.3125920999485765,0.46734304876395966,5.0,0.10703862147632182,0.25508072651489344,2.2751,0.2512005090458604,0.46411999389377906,3.77198,0.217363877845823,0.36678275846535696,2.42051,0.29950687017904726,0.5159123970995587,3.95588,0.24012938188957975,0.5408005061984167,4.27103,0.34937481263148057,0.4962714701600262,2.63769,0.12404456738815389,0.27738572200586237,2.43987,0.06553226754242439,0.20783380549414437,2.84347,0.1884898521808237,0.39295550308217975,5.0,0.7046529301575429,0.8681230659345943,5.0,0.02313130508157636,0.12969034870577703,1.41546,-7.80805011453415,27.532090039505615,1,-7.987985601421158,27.477147555535417,1,-8.039455845916507,27.46119426102071,1,-7.885793090552101,27.50850945102141,1,-8.138656444299004,27.430148223371987,1,-7.8084241035949695,27.531977176972415,1,73.8651488616708,15.322382976086788,-25.08667802218316,18.652893072297246,582.0148007573279,29.968655860126344,0.20910991546323218,0.14060276964264812,-0.1475855420273947,0.11708694612299847,0.032298085381491745,0.06851201073397098,0.8982907364293395,0.07870720553035221,21391,309
0.6693379557967902,0.9367608963481708,5.0,0.5010039625522278,0.7641329783408843,5.0,0.6554186224764732,0.7805750720601454,4.56387,0.26008427994064587,0.45774006089421915,4.32575,0.3497483597953845,0.49917602057937416,3.01134,0.524915908235386,0.6451881474392066,4.57438,0.35704068889843416,0.5099247950930725,3.29176,0.4639342623686985,0.6404582897913369,3.11287,0.5421386535592955,0.6274372289542931,2.58999,0.22321658866023666,0.3671588896001038,1.93537,0.4658817655511734,0.5472630582771452,3.1434,0.4639651083212933,0.650111159630789,5.0,1.3681339745402008,1.4956390557116792,5.0,0.07411338916006091,0.2267539720826601,1.70872,-8.126596118552072,28.309268757253925,1,-7.967238080362373,28.35734197395937,1,-8.330118317778906,28.24644632370686,1,-8.313952126205631,28.251495154762843,1,-8.12983716662111,28.30828088133602,1,-8.350853215666367,28.239955780107092,1,-45180.92681026223,852145.8389341976,-33934.971063266436,639108.0901449921,71251.67008785973,1331438.700769027,0.24296571008953885,0.17244126653621442,-0.12593975195479323,0.16769633441793005,0.011377239499412706,0.09917498259795376,0.8896451224608535,0.10146917363456841,25609,310
0.33281064426711465,0.5225493250136617,4.71105,0.22786397467450648,0.42093962349576264,3.30744,0.3477088840823183,0.46381307486590595,4.1336,0.051694769382612346,0.19398052775066996,2.25632,0.16964387589248217,0.3926991428668877,2.90335,0.21931347249055017,0.3670823361485554,1.96211,0.13436798311633766,0.35878950438471907,3.09523,0.17604147643847123,0.453977196655784,3.59353,0.36368918824023516,0.6183656821617344,4.10927,0.13764463460730786,0.2853466252760797,1.54906,0.11627264447711046,0.3704138479528061,2.09134,0.3555541441831163,0.537938146993066,4.37721,1.0759095566148678,1.2136810194731342,5.0,0.0742590641747165,0.21414330891897532,1.54995,-1.631247375052499,14.371487141356067,1,-2.046493070138597,14.303745994965297,1,-1.713397732045359,14.35906381060003,1,-1.1099538009239815,14.439182411051432,1,-2.0663586728265435,14.30019494066877,1,-1.82204955900882,14.341893465829537,1,2.2473370099047454,15.43966144021516,-5.56500688547249,17.678538781701324,524.9844043679126,20.053599732804898,-0.04376406595878329,0.12079736843687221,0.07267577277087779,0.08884118880116446,-0.07570845713540529,0.07686968229513466,0.8936926935195295,0.0782608448021068,23810,311
0.6082943709333891,0.8197062464475622,5.0,0.42698064096888705,0.5817202160633876,3.87022,0.4696361723533097,0.6842333841845529,5.0,0.2627530104823554,0.44883537881449115,2.85431,0.10498904155356023,0.27207752517376366,1.95408,0.48391811906452287,0.6060155786768358,5.0,0.1815318655669242,0.3516272202657387,2.29857,0.22630452069325538,0.39715908296097235,2.91686,0.40261187082898314,0.5529602458001451,3.10161,0.14811659465441637,0.29718247525061725,1.76978,0.1309343768218835,0.2832670138012372,2.25827,0.24897996095218208,0.42247411854316524,5.0,0.8720692056379202,0.9966351971436193,5.0,0.14399871488828564,0.3092542340701882,1.63613,-10.806180831071204,31.62172232772607,1,-11.040258926707036,31.537045652898023,1,-10.960158697013991,31.566242478181007,1,-10.444560451033619,31.748700454315756,1,-11.092670703695969,31.517816547592336,1,-10.876592190436417,31.59645757654936,1,22.82310549144832,30.361193629940892,-23.55044863750679,26.80590923602356,497.3586882856547,26.715969978991335,0.17117155178170435,0.14338482907793407,-0.054392428347434116,0.19007629229325587,-0.08765184514029233,0.16859118376507054,0.9387478395330967,0.0914292295617733,23945,312
0.6663033388918067,0.8569334011786839,5.0,0.18810592625175074,0.37214934074554945,2.56121,0.20348047702205882,0.38039823341983214,3.53467,0.08105788659838935,0.23475355269275064,1.79896,0.07648765970763305,0.3018768065986473,2.92613,0.23938342266281512,0.4165655078285717,2.74933,0.10797023700105043,0.3439328509840344,3.34518,0.11318204061624648,0.41612597648335325,4.42196,0.19424849842436975,0.4127610647714163,2.96989,0.08555778562675072,0.22832080924874257,2.10394,0.08741111103816526,0.2382134636438495,1.93188,0.27618029035364144,0.5315535225365661,4.79114,0.7090359513305322,0.7621263703082811,4.46012,0.03134142756477591,0.17146439565203064,1.47067,-2.8828781512605044,17.486299599858494,1,-3.081188725490196,17.446763744231507,1,-3.0623249299719886,17.45062534197569,1,-2.5192577030812324,17.552741184715003,1,-2.944721638655462,17.47422137416005,1,-2.7827380952380953,17.505376262629674,1,35.59987678328081,13.348551627204579,30.883191701680673,13.632774321058518,544.1073791141456,19.22475600983714,0.3573766406604516,0.14037536853226595,-0.11455800115577339,0.11175258328141059,-0.022059781195047052,0.08256725724023695,0.9611152324711134,0.08896332763057968,22848,313
0.7603247254069506,1.0424593634201433,5.0,0.36885846593988014,0.5058420345942276,3.71172,0.7835286298935421,0.826921053007105,4.05664,0.25046451684338533,0.4243717345246507,2.60532,0.09279678258272353,0.2779592513608097,2.65181,0.3365886407953406,0.5448801388451442,3.04919,0.2413012723956222,0.40387395694447037,3.32772,0.40718354263648593,0.6219618907796158,3.12514,0.3789840405137286,0.5276073149104248,4.57501,0.240428834211593,0.39559328881774414,2.79701,0.205208736906108,0.4150527048498002,2.12379,0.1820331534145457,0.3413289559257732,3.5423,0.7564328824909863,0.7983524191686819,5.0,0.05912923386597828,0.1870005521550809,1.28387,-0.9978452413969663,12.10258039679245,1,-1.3513963262432531,12.053559599062819,1,-1.291297762037847,12.062637537591499,1,-1.4188978729759136,12.042997670363446,1,-1.1392486079406055,12.084239618833534,1,-0.9869007744330425,12.10392991601983,1,64.62540180274358,15.182177362875404,19.866922296616604,54.451773692197044,468.63714114735563,54.16609898744007,0.3159773493668487,0.19900150158483573,0.05213108801942952,0.1029530541154432,-0.027005480869700275,0.07842546613225058,0.9752173758368358,0.059607348849617436,46873,314
0.663089513818883,0.838644897222481,5.0,0.370227974831704,0.5357517719960692,4.05145,0.5681708269341362,0.9170037607073401,5.0,0.17511442190724263,0.3335796124138422,2.44621,0.1541204730557153,0.336690326783931,2.80481,0.3504758212509726,0.49337668919229233,3.41024,0.19617511768884682,0.3814981971148305,2.97411,0.1828232398092081,0.35780238343265386,3.12756,0.44080689547038326,0.5870399552268518,4.07915,0.2759262859172558,0.4480566476075321,2.71585,0.33834804008660063,0.5374575051636652,2.8668,0.36721292970467845,0.5122914051979027,3.80822,1.460858101214438,1.413123088977068,5.0,0.07047550208044381,0.20586061024151117,1.40859,-2.372281045972734,16.435497458077993,1,-2.664321234058388,16.38177605115436,1,-2.4373329724975474,16.423995778285928,1,-1.8665133114576637,16.51590988965859,1,-2.5487974019823416,16.403669532934554,1,-2.3593586143905823,16.437750634484416,1,46.72227864443017,15.79651515767702,-28.66647459199959,27.190551169761914,565.0351683468083,43.623134907667286,0.11608246881396976,0.19333677125002113,-0.05132921771582288,0.15409205777945092,-0.015836040889655966,0.10908664831643183,0.8778063343669024,0.10757196411398251,29561,315
0.34927443729354135,0.6689229609912203,5.0,0.18946678482742904,0.36872554374580657,2.88302,0.34098929771803926,0.5033972840430814,3.01537,0.1102788223791624,0.2944786984070498,2.10796,0.08881441249952537,0.25856372412061707,2.26964,0.21039905851084026,0.36943609845105363,3.26404,0.09864191517636785,0.2773875458783941,2.6106,0.08322162679880019,0.27250373046977483,2.73695,0.26453100060751034,0.4324966347809254,4.95473,0.08127804951209325,0.21168601765584338,2.51599,0.0986353380035691,0.23049847612402294,2.09503,0.3042861209704978,0.4155933825254727,3.45431,1.0101612373087292,0.9463850013451889,4.89906,0.00476803588107985,0.05694239889527312,1.2021,-2.5153586209515133,16.40727706810947,1,-2.414777689182519,16.425444349342147,1,-2.5950563845540495,16.392429224730737,1,-2.2002885674146637,16.46206665137595,1,-2.4008429206059914,16.427911141645282,1,-2.395603143866044,16.428835555641477,1,-14650.186934570991,485599.5328564778,-11040.868138911657,364198.79744492593,23518.470572464594,758727.8629526526,0.13273779304340588,0.16688170735970437,0.001232384914278922,0.08149654170846249,-0.04223248061621672,0.12070515390271867,0.9730094733477616,0.10348637195947455,26337,316
0.546997355933593,1.142876684388888,5.0,0.3229103219512195,0.6373603065566188,3.65778,0.540304993236319,0.7720086314026744,4.53423,0.09856478081574094,0.2588593879939574,2.22592,0.24706324550112727,0.47541396105537354,2.78529,0.4381673316253331,0.5176984581540628,3.01868,0.25407698290633324,0.45911201695221804,3.40443,0.3845631111293297,0.6611225453521078,3.36434,0.5524100161508506,0.796634151200243,5.0,0.12113186181594587,0.2725236211635567,2.06587,0.17468850469358477,0.3525991172200908,2.60135,0.5282762605042017,0.757854630905764,4.27656,0.9827681849969256,1.1492010797606882,5.0,0.13128307804878048,0.3188786301639998,1.7123,-4.469030539044886,21.389154146074574,1,-4.444845255175241,21.394758582744583,1,-4.598606271777004,21.358636196881896,1,-4.097929903668785,21.471990259953646,1,-4.289034638245542,21.430174960041203,1,-4.378971100635376,21.409877555446013,1,97.627790743554,13.89566274803041,-95.98980749112933,24.963238992854052,556.0817671654028,34.19363905334681,-0.010676650999247838,0.13605695712999727,0.15025736713306007,0.1142067029575604,0.014226370832417094,0.07509905854313444,0.9705265552900184,0.03356433633834642,24395,317
0.5310029182414625,0.7834922933172035,4.49282,0.3598785446083104,0.55191113422882,2.59009,0.6639869905792631,0.7710084040979045,5.0,0.11920379459429149,0.27757060651305915,1.85417,0.29422919172320977,0.4559772498887653,2.62731,0.3905188047440139,0.5013932699003407,2.80592,0.46041264963831097,0.5743098549638009,3.38658,0.39532904250546735,0.6676558380312672,3.74907,0.5816309578309874,0.7027890604505208,4.14073,0.15282656030953848,0.304945365587142,1.63131,0.23806249279425784,0.3855948176828453,3.14203,0.3276477242191443,0.4752363724752459,5.0,0.749395077104245,0.9287219566704703,4.82816,0.024064484270734033,0.12649726487126753,1.44588,-2.156844053159872,16.052988026659705,1,-2.465036729658498,15.99892824332309,1,-2.52789771771435,15.987149903222903,1,-1.967532103403802,16.083177068852944,1,-2.488644647563506,15.994534786347865,1,-2.403970167666685,16.010125705541174,1,93.79433142998934,22.342717731431584,5.301668848398475,27.82368073042673,412.1566915269444,22.381072568370858,0.34386467460595527,0.15891140387712785,-0.07831246679369148,0.1200419920306764,-0.01835293636272753,0.10562289125764321,0.9167596180093086,0.08311040570199335,17833,318
0.488280350531476,0.6403287019314449,3.81644,0.1948299094792021,0.3647016485145233,3.36753,0.4227057454739601,0.5846795417480278,3.56312,0.21491954225112847,0.36724302227404854,1.93376,0.49948898815706455,0.7235367761860724,2.8837,0.45000545571033346,0.6435120109729648,3.57008,0.46867346226277723,0.660136791507086,2.74056,0.2522387878464301,0.46123661673972594,2.39528,0.7618571027034899,0.9788583964865086,4.61354,0.14172237941076546,0.2915108896204799,1.89263,0.32637621943406303,0.4377728465202481,2.0416,0.2922113598019706,0.4545987649638206,5.0,1.0654264419744697,1.1831503966050205,5.0,0.33361639780614477,0.4411032366014883,2.06027,-9.891957481920109,30.263522000505773,1,-10.021744406154443,30.218641714711968,1,-9.792166189389894,30.297606497876902,1,-9.381546376741252,30.434012020404285,1,-9.889579187496967,30.26433859985846,1,-9.7414939571907,30.314773566681716,1,-31.2117135121293,13.502666052693954,52.437777896146194,20.126491619082064,406.3703620346551,21.959691061258162,0.23476629612887442,0.21857049283631044,-0.02436986672412319,0.09281444781180949,-0.06233577752857885,0.08055273819194386,0.7841254251371159,0.14323381901705068,20603,319
0.8405918441130299,1.0896260575511414,5.0,0.7584306784929357,0.9214886206071412,5.0,1.076584754042386,1.3784029797994692,5.0,0.22471650094191525,0.42079642106844484,2.96321,0.09263131357927785,0.2504730970736967,2.59906,0.49959451240188385,0.6492497222582857,4.13789,0.1325338481946625,0.3073124624015258,2.90018,0.21234517276295134,0.3822594305499624,2.60398,0.39478697370486654,0.5363495930047577,2.94517,0.1570935610675039,0.314131032473114,1.69216,0.14566005906593407,0.30375741478115786,1.86662,0.3680842751962323,0.5342751126364094,4.73825,0.8541366350078493,0.9714804402518488,5.0,0.033899830690737834,0.13826540266502724,1.85798,-9.69756671899529,30.288521565203155,1,-10.060007849293564,30.16406545110552,1,-9.811106750392465,30.250056062509785,1,-9.295761381475668,30.42085271400678,1,-10.052472527472528,30.166702506515303,1,-9.694662480376767,30.28949925023118,1,-57.16741310221742,51.23963247461706,-8.666290305703296,37.40144132632063,540.8839439167974,42.24857506374652,0.267070112305573,0.18168507862526906,-0.012362110810667194,0.20186309595339594,0.03680672455976649,0.19230323213293418,0.9252229263069074,0.11578024759019204,25480,320
0.39573007591856596,0.5438724787383358,3.40547,0.13970733303593152,0.2889915816911919,1.86822,0.23558897489658528,0.4387922271578,4.77616,0.03243751289642307,0.14885829106689702,1.68282,0.06669987058966664,0.22988379599293549,2.01474,0.1601933970719442,0.31254055186641155,1.75127,0.061751529402222415,0.22444995567466347,1.75453,0.160664582853435,0.37198275379428586,2.71454,0.45242282975099357,0.4920848256220345,3.54908,0.19530006026441724,0.33495753484738594,1.55485,0.023420075513018092,0.1252473549185948,1.7503,0.2596958754967962,0.3844504072948933,2.41519,0.7535350762024495,0.8662493138105453,4.18268,0.0709522016384135,0.2022901516806783,1.28742,-1.1031308297509936,12.448853447429293,1,-1.0113958958553004,12.460324018510816,1,-1.36300592099927,12.412620715202436,1,-0.7157920350393382,12.492632813906404,1,-1.5573039175926677,12.381898633878178,0,-1.180428258577338,12.438654717733307,1,-60.85427004735502,12.649404849901975,-8.076940603470678,14.78117208402333,508.6408568821478,14.978291362415229,0.13557302247943873,0.07113125409999144,0.04854936107842485,0.09275318420835255,-0.01680312287948698,0.03927297075628805,0.9372959345364588,0.03960580761086069,24658,321
0.5688676879218133,0.7330988126159089,4.28685,0.4852039357888705,0.6348562236344506,3.56192,0.5402851999235961,0.6596584845465423,4.49227,0.1230631978224882,0.3271268817926263,3.5578,0.11644654829364574,0.3077734520013985,2.23129,0.40530033538138294,0.5772107285625199,4.29782,0.16646101473959,0.3520695060041351,2.23408,0.16358014545396662,0.3386975673392749,3.12091,0.2701058131924105,0.4568709609379847,4.12216,0.15098708980644338,0.326933650790262,1.99429,0.1850861878581434,0.3738171820332184,2.15963,0.29769816611486055,0.48487842027416345,5.0,0.9001840709919776,0.9522130971207825,5.0,0.05278423965363555,0.1947621982076271,2.0743,-2.525054119444798,16.34945112183366,1,-2.713962816757927,16.313365989312658,1,-2.417069909588692,16.369063136939285,1,-1.910448236342799,16.451302382027638,1,-2.587450655800331,16.337782613212255,1,-2.2702152043804915,16.39455577774246,1,-83.50524412374888,26.736267282412204,-2.2019740080844894,19.126669066853072,580.7531134916592,31.419397321889424,0.28811378000512866,0.10244492804444452,0.02493777831935808,0.12557811853585618,0.06369531868326435,0.14048585319294257,0.9593256807398447,0.044351416714848144,31412,322
0.6924575532855435,0.8087970273934459,3.68003,0.6618595298287535,0.7969874939876923,3.60295,1.0578297366387892,1.11474690372073,5.0,0.3145952521306252,0.4937958026092327,2.65696,0.16090291632815612,0.30733898035993173,1.46195,0.47675831911589006,0.6573953402248582,5.0,0.17319687853444843,0.32197929359544325,1.90572,0.22374551310234966,0.38253304237832686,1.85081,0.4691232660294704,0.6235111896973451,3.92561,0.2581546063321386,0.40998253708122884,2.47013,0.2222717083632019,0.36369051936687713,1.68562,0.3065598350457985,0.6170414844849582,5.0,1.548590234926324,1.5827690316766767,5.0,0.08158742178414974,0.22913187550057987,1.26591,-14.308920748705695,35.462416250685216,1,-14.540780565511747,35.36469630044001,1,-14.392712066905615,35.42730766306051,1,-13.90573476702509,35.62811214494373,1,-14.571644763042613,35.35155317046806,1,-14.244285145360415,35.48933969104658,1,-30888.586149414576,702962.4864481535,-23076.71997260864,527226.8855899497,48615.33363890879,1098359.9278031336,0.2635020130109677,0.17728306683797973,0.06683008391560306,0.2470737998776939,-0.15630874917580248,0.16589081630921318,0.9106466411644762,0.14664338498032642,25110,323
0.6873056097966729,0.8815276958676502,5.0,0.38139111381700563,0.5943101253635644,3.65434,0.5502702411275416,0.763549198293027,4.28536,0.2590428474121996,0.3813567538528093,1.89173,0.250559488077634,0.4161383632661777,2.2124,0.37727754741219965,0.5166312436889045,2.9209,0.3055277400184843,0.4479136613938499,1.99947,0.44125278442698707,0.5571999511691642,2.65823,0.4550917908964879,0.5680348400768499,3.09661,0.21827184963031426,0.36914556655317526,2.54158,0.23962252832717187,0.3938048838915738,2.71084,0.3343781032347505,0.48550392163348616,3.76674,1.0544767289279111,1.115803616612337,5.0,0.07299111765249539,0.2182302522412317,1.32726,-8.567421441774492,28.65639614108255,1,-8.246395563770795,28.756008073387754,1,-8.673105360443623,28.6227395676528,1,-8.217744916820703,28.764707235828993,1,-8.771903881700554,28.590886598782888,1,-8.515388170055452,28.672809262830548,1,-101.84084666377542,29.648316125313507,-2.501874296575508,29.241340585771542,591.0456103049908,46.594592571366725,0.29379812331725785,0.20963585514562516,0.026313174432067005,0.21821859971819105,0.03953791571223059,0.13301253836117677,0.9506008815665433,0.07931439061307934,21640,324
0.1967560990057522,0.4255381058780267,3.77239,0.10724824806674033,0.2727422631905535,3.18662,0.25536065803207497,0.39128334288300465,2.86426,0.09080546939164223,0.24120867448341918,1.83436,0.18166301672317245,0.3813310191107606,2.32413,0.3179019909717725,0.42150860357033604,1.84178,0.22049817812654754,0.41394180185046886,2.33386,0.3223828027503714,0.5922505854793393,3.6729,0.24170853796045866,0.41964792606815676,3.3317,0.03716050104757914,0.14667159723817502,1.11183,0.03758420143994515,0.16343333401177512,1.49401,0.1949796922402956,0.3322921819823519,1.63505,0.9113642446002056,0.948916823410422,4.48938,0.004386590301321854,0.05183793291568515,0.950419,-0.18425964725153327,6.4888820259072855,1,-0.018970705877871318,6.504189280290555,1,-0.2764085177707516,6.478501825032891,1,-0.10174850481886405,6.497053485252642,1,-0.4137366195573502,6.460562872647251,1,-0.057331149289550874,6.501014475032615,1,-80.39863390084186,5.551907145022754,-45.77961781265476,9.217049571076993,643.4171678031313,14.45327495732346,0.280007684639328,0.06886145637722761,0.09051472353978247,0.047524370825736004,-0.05591883785345091,0.030873815645662498,0.9887982988800427,0.026665872504709028,26251,325
